"f","fa"
6,1
2,1
13,1
10,1
14,1
4,1
11,1
15,1
10,1
8,1
11,1
3,1
9,1
13,1
11,1
8,1
5,1
4,1
12,1
6,2
8,2
9,2
1,2
14,2
8,2
13,2
4,2
2,2
13,2
4,2
14,2
9,2
8,2
13,2
3,2
16,2
12,2
8,2
5,2
13,2
10,2
5,2
16,2
7,2
12,3
6,3
15,3
16,3
1,3
9,3
13,3
1,3
6,3
4,3
6,3
6,3
15,3
4,3
7,3
7,3
13,3
7,3
6,3
14,3
9,3
6,3
2,4
13,4
1,4
6,4
7,4
16,4
2,4
7,4
12,4
15,4
13,4
6,4
13,4
15,4
6,4
14,4
12,4
14,4
8,4
5,4
11,4
14,4
1,5
12,5
6,5
7,5
11,5
7,5
5,5
14,5
16,5
16,5
10,5
13,5
14,5
1,5
15,5
3,5
12,5
15,5
11,5
6,5
6,5
11,5
6,5
13,5
1,5
16,5
14,5
15,5
2,5
1,6
8,6
4,6
2,6
9,6
6,6
14,6
2,6
15,6
16,6
15,6
3,6
15,6
15,6
9,6
2,6
16,6
2,6
15,6
13,6
13,7
15,7
11,7
1,7
13,7
9,7
7,7
10,7
7,7
7,7
1,7
11,7
9,7
15,7
4,7
7,7
4,7
14,7
15,7
7,7
7,7
9,7
2,7
13,7
13,7
9,7
2,7
7,7
9,7
3,7
9,8
1,8
12,8
7,8
14,8
1,8
12,8
15,8
13,8
7,8
8,8
4,8
15,8
4,8
12,8
9,8
7,8
2,8
4,8
12,8
11,9
12,9
8,9
9,9
3,9
10,9
7,9
16,9
2,9
7,9
6,9
6,9
15,9
1,9
11,9
12,9
16,9
4,9
2,9
3,9
3,9
16,9
6,9
1,9
13,9
6,10
11,10
3,10
10,10
13,10
7,10
12,10
4,10
5,10
1,10
6,10
4,10
2,10
11,10
15,10
16,10
9,10
14,10
1,10
6,10
12,10
12,10
2,11
1,11
10,11
13,11
8,11
13,11
1,11
15,11
2,11
15,11
3,11
15,11
9,11
6,11
10,11
12,11
7,11
1,11
11,11
6,11
3,11
3,11
5,11
7,11
16,11
9,12
12,12
11,12
4,12
4,12
11,12
7,12
13,12
14,12
2,12
8,12
13,12
2,12
3,12
6,12
9,12
15,12
6,12
16,12
12,12
11,12
15,12
13,12
5,12
11,12
7,12
6,12
1,12
5,12
2,12
6,12
12,13
1,13
13,13
16,13
3,13
13,13
2,13
1,13
14,13
15,13
9,13
4,13
10,13
5,13
6,13
2,13
16,13
3,13
5,13
5,13
8,13
6,13
3,13
10,13
11,13
12,13
15,13
2,13
14,13
8,13
3,13
4,13
7,13
6,13
11,13
2,14
15,14
10,14
2,14
1,14
12,14
11,14
12,14
1,14
3,14
11,14
1,14
7,14
12,14
16,14
11,14
11,14
4,14
4,14
15,14
3,14
13,14
15,14
13,14
11,14
15,14
9,14
10,14
13,14
4,14
8,15
2,15
4,15
13,15
16,15
10,15
11,15
3,15
2,15
16,15
9,15
4,15
9,15
5,15
2,15
3,15
1,15
3,15
13,15
15,15
16,15
8,15
14,15
2,15
14,15
10,15
1,15
14,15
8,16
16,16
6,16
2,16
13,16
14,16
7,16
6,16
13,16
8,16
1,16
3,16
1,16
8,16
10,16
15,16
9,16
2,16
15,16
4,16
2,16
2,16
1,16
7,16
15,16
2,16
14,16
13,17
5,17
3,17
5,17
2,17
6,17
9,17
10,17
3,17
10,17
11,17
12,17
6,17
4,17
5,17
9,17
3,17
7,17
3,17
8,17
15,17
6,17
9,17
1,17
11,17
3,17
3,17
4,17
2,17
13,17
9,17
3,17
14,18
16,18
13,18
7,18
2,18
15,18
3,18
13,18
16,18
9,18
12,18
4,18
4,18
13,18
15,18
1,18
4,18
10,18
14,18
3,18
15,18
7,18
11,19
6,19
13,19
3,19
5,19
2,19
1,19
10,19
4,19
5,19
8,19
7,19
13,19
2,19
16,19
2,19
6,19
12,19
14,19
13,19
12,19
5,19
7,19
16,19
12,19
6,20
12,20
8,20
14,20
7,20
14,20
8,20
2,20
8,20
6,20
8,20
7,20
4,20
5,20
13,20
8,20
11,20
9,20
13,20
6,20
7,20
4,20
4,20
14,20
1,20
6,20
16,20
14,20
4,20
16,20
9,21
16,21
16,21
6,21
5,21
7,21
1,21
10,21
13,21
12,21
12,21
15,21
6,21
10,21
1,21
5,21
13,21
8,21
11,21
15,21
6,21
14,21
11,21
2,21
14,21
13,21
12,21
11,22
2,22
1,22
2,22
1,22
7,22
15,22
16,22
2,22
14,22
7,22
2,22
10,22
3,22
11,22
4,22
11,22
8,22
16,22
3,22
4,22
10,22
7,22
1,22
14,22
1,22
9,23
15,23
2,23
1,23
4,23
10,23
16,23
1,23
13,23
14,23
15,23
14,23
3,23
9,23
8,23
9,23
14,23
3,23
4,23
1,23
12,23
2,23
12,23
15,23
7,23
15,23
11,23
2,23
16,23
3,23
10,23
3,23
6,23
11,23
13,23
16,23
12,23
6,24
8,24
9,24
1,24
9,24
6,24
5,24
1,24
6,24
5,24
15,24
11,24
5,24
16,24
15,24
3,24
7,24
8,24
11,24
5,24
10,24
8,24
8,24
7,24
1,25
12,25
14,25
7,25
7,25
8,25
13,25
2,25
9,25
5,25
12,25
15,25
13,25
2,25
2,25
15,25
3,25
1,25
3,25
5,25
16,25
11,26
1,26
11,26
13,26
13,26
16,26
8,26
7,26
9,26
7,26
2,26
1,26
1,26
13,26
8,26
14,26
3,26
5,26
6,26
2,26
13,26
2,26
8,26
3,26
8,26
1,26
7,26
15,26
8,26
9,26
11,26
11,26
5,26
1,27
11,27
6,27
6,27
7,27
8,27
11,27
16,27
8,27
12,27
11,27
12,27
12,27
9,27
15,27
12,27
1,27
11,27
14,27
8,27
8,27
8,27
7,27
2,27
11,27
11,27
3,27
2,27
3,27
11,27
14,27
2,27
6,27
4,28
8,28
6,28
12,28
13,28
7,28
2,28
15,28
1,28
4,28
5,28
10,28
15,28
13,28
1,28
10,28
15,28
14,28
4,28
8,28
2,28
7,28
1,28
2,28
7,28
10,28
12,28
9,28
2,28
6,28
13,28
15,29
7,29
1,29
3,29
4,29
12,29
7,29
13,29
8,29
7,29
14,29
9,29
5,29
16,29
13,29
5,29
14,29
12,29
4,29
15,29
15,29
3,29
13,29
10,29
14,29
6,29
4,29
3,29
7,29
6,30
8,30
7,30
14,30
13,30
16,30
15,30
8,30
16,30
1,30
11,30
1,30
13,30
4,30
9,30
1,30
12,30
1,30
6,30
16,31
7,31
13,31
6,31
5,31
16,31
5,31
7,31
9,31
9,31
7,31
14,31
8,31
7,31
1,31
1,31
2,31
5,31
11,32
16,32
16,32
9,32
13,32
15,32
6,32
6,32
8,32
14,32
7,32
6,32
9,32
4,32
9,32
7,32
15,32
2,32
15,32
9,32
4,32
3,32
12,32
1,33
9,33
15,33
2,33
3,33
1,33
13,33
10,33
7,33
2,33
1,33
7,33
15,33
4,33
6,33
3,33
11,33
5,33
7,33
16,33
11,33
11,33
14,33
3,33
8,34
13,34
5,34
16,34
7,34
5,34
12,34
6,34
15,34
6,34
10,34
9,34
5,34
4,34
15,34
13,34
15,34
6,34
1,34
15,34
13,34
3,34
9,34
4,34
9,34
15,35
11,35
9,35
9,35
15,35
15,35
6,35
15,35
2,35
1,35
1,35
9,35
1,35
14,35
16,35
9,36
14,36
11,36
8,36
2,36
13,36
9,36
10,36
10,36
14,36
5,36
12,36
6,36
15,36
6,36
4,36
9,36
8,36
2,36
13,36
11,36
14,36
8,36
11,36
4,36
15,36
1,36
16,36
10,36
15,37
12,37
1,37
2,37
5,37
11,37
7,37
7,37
1,37
15,37
11,37
5,37
9,37
12,37
3,37
10,37
5,37
3,37
5,37
14,37
3,37
7,37
4,37
4,37
1,37
16,37
14,37
10,37
3,37
9,37
6,37
2,37
6,37
16,37
12,37
11,38
1,38
2,38
15,38
2,38
2,38
6,38
5,38
14,38
9,38
13,38
3,38
8,38
1,38
12,38
3,38
2,38
7,38
15,38
9,38
1,38
7,38
14,38
3,38
11,38
8,39
14,39
3,39
14,39
11,39
9,39
15,39
13,39
11,39
4,39
9,39
2,39
8,39
14,39
6,39
15,39
15,39
16,39
7,39
9,39
2,39
8,39
2,39
8,39
7,39
4,39
14,39
13,39
6,40
9,40
11,40
7,40
9,40
13,40
14,40
2,40
16,40
2,40
14,40
14,40
7,40
15,40
6,40
11,40
7,40
14,40
11,40
4,40
10,40
5,40
11,40
10,40
16,40
1,40
2,40
13,40
5,40
11,41
4,41
14,41
12,41
9,41
6,41
5,41
1,41
14,41
1,41
7,41
4,41
1,41
13,41
6,41
15,41
6,41
10,41
5,41
9,41
15,41
12,41
8,41
15,41
16,41
11,41
16,41
14,41
7,41
11,42
8,42
8,42
13,42
12,42
9,42
5,42
3,42
11,42
11,42
10,42
5,42
16,42
11,42
12,42
6,42
6,42
9,42
14,42
10,42
2,42
8,42
11,42
15,42
7,42
11,42
5,42
1,43
15,43
1,43
2,43
1,43
8,43
12,43
4,43
2,43
5,43
2,43
3,43
8,43
8,43
5,43
12,43
9,43
15,43
9,43
3,43
8,43
8,43
7,43
3,43
15,43
7,43
6,44
16,44
16,44
8,44
13,44
15,44
5,44
8,44
15,44
15,44
16,44
13,44
10,44
15,44
5,44
10,44
13,44
16,44
1,44
11,44
15,44
16,44
3,44
3,44
15,44
13,44
7,44
6,44
1,44
11,44
2,45
11,45
3,45
1,45
10,45
6,45
15,45
9,45
6,45
2,45
6,45
9,45
15,45
9,45
4,45
5,45
15,45
10,45
4,45
5,45
14,45
12,45
8,45
12,45
8,45
4,45
9,45
2,45
13,45
6,45
8,45
5,45
1,46
12,46
12,46
15,46
14,46
14,46
6,46
13,46
2,46
15,46
5,46
13,46
12,46
9,46
4,46
7,46
3,46
2,46
8,46
11,46
15,46
3,46
12,46
1,46
13,47
2,47
8,47
1,47
7,47
16,47
8,47
11,47
5,47
4,47
10,47
6,47
6,47
6,47
11,47
9,47
15,47
16,47
7,47
13,47
7,47
14,47
7,47
6,47
5,48
6,48
2,48
6,48
6,48
10,48
2,48
13,48
1,48
6,48
14,48
8,48
8,48
2,48
8,48
11,48
9,48
14,48
15,48
15,48
16,48
9,48
6,48
9,48
11,48
6,48
8,49
14,49
14,49
9,49
1,49
7,49
8,49
8,49
6,49
6,49
3,49
2,49
4,49
11,49
1,49
13,49
1,49
9,49
7,49
7,49
11,49
4,49
15,49
16,49
1,49
16,49
12,49
1,50
5,50
2,50
6,50
6,50
16,50
1,50
10,50
1,50
15,50
7,50
1,50
15,50
8,50
8,50
7,50
14,50
6,50
10,50
8,50
13,50
16,50
5,50
1,50
1,50
8,50
8,50
10,50
7,50
3,50
14,50
9,50
8,51
8,51
16,51
9,51
2,51
14,51
1,51
10,51
15,51
2,51
13,51
4,51
6,51
15,51
15,51
6,51
11,51
13,51
13,51
4,51
4,51
15,51
13,51
11,51
3,51
12,52
11,52
13,52
13,52
14,52
4,52
4,52
9,52
5,52
6,52
3,52
15,52
3,52
15,52
9,52
10,52
1,52
13,52
9,52
14,52
6,52
16,52
12,52
1,52
4,52
3,52
6,53
11,53
12,53
6,53
13,53
11,53
1,53
16,53
15,53
2,53
14,53
16,53
4,53
16,53
10,53
13,53
13,53
13,53
10,53
16,53
3,53
6,53
15,53
1,53
4,53
8,53
13,53
9,53
9,53
12,53
16,54
6,54
6,54
4,54
14,54
1,54
11,54
8,54
2,54
2,54
5,54
10,54
11,54
12,54
2,54
11,54
5,54
15,54
10,54
5,54
10,54
13,54
4,54
16,54
11,54
11,55
15,55
16,55
15,55
16,55
13,55
13,55
7,55
3,55
9,55
8,55
15,55
14,55
7,55
6,55
7,55
4,55
7,55
14,55
2,55
8,56
16,56
13,56
10,56
14,56
16,56
3,56
15,56
1,56
9,56
6,56
12,56
15,56
7,56
11,56
7,56
13,56
9,56
10,56
8,56
15,56
15,56
4,56
16,56
2,56
14,56
12,56
11,56
9,57
11,57
6,57
14,57
11,57
2,57
13,57
14,57
9,57
8,57
11,57
13,57
5,57
13,57
6,57
8,57
10,57
5,57
12,57
9,57
14,57
13,57
1,57
14,57
1,57
11,57
12,57
3,57
4,57
3,57
3,58
3,58
5,58
9,58
15,58
8,58
6,58
14,58
5,58
2,58
15,58
10,58
10,58
1,58
12,58
9,58
12,58
2,58
1,58
13,58
3,58
4,58
14,58
13,58
13,58
5,58
6,58
9,58
3,58
11,58
11,58
5,58
8,59
10,59
12,59
6,59
16,59
2,59
6,59
1,59
8,59
1,59
2,59
6,59
7,59
14,59
2,59
6,59
9,59
4,59
11,59
6,59
11,59
7,59
3,59
4,59
6,59
8,59
9,59
8,60
6,60
12,60
6,60
14,60
7,60
7,60
11,60
14,60
2,60
1,60
8,60
4,60
16,60
11,60
9,60
3,60
13,60
9,60
8,60
13,60
11,60
11,60
8,60
5,60
7,60
16,60
16,60
2,60
11,60
10,60
3,60
6,60
9,60
2,60
14,61
15,61
16,61
10,61
15,61
14,61
3,61
2,61
10,61
16,61
15,61
11,61
4,61
7,61
8,61
16,61
2,61
2,61
12,61
7,61
12,61
8,61
14,61
8,61
11,61
9,62
15,62
12,62
9,62
6,62
6,62
9,62
10,62
8,62
7,62
6,62
9,62
1,62
5,62
6,62
12,62
10,62
5,62
8,62
4,62
6,62
13,62
3,62
1,62
15,62
4,62
16,62
16,62
11,62
14,63
2,63
16,63
2,63
7,63
6,63
4,63
12,63
3,63
15,63
4,63
15,63
10,63
15,63
14,63
5,63
7,63
6,63
16,63
6,64
15,64
4,64
16,64
16,64
3,64
15,64
3,64
15,64
16,64
5,64
8,64
13,64
4,64
4,64
11,64
16,64
8,64
2,64
14,64
10,64
6,64
10,64
4,64
8,64
3,64
14,64
12,64
6,64
12,64
14,65
10,65
1,65
10,65
10,65
16,65
12,65
5,65
13,65
14,65
16,65
1,65
12,65
4,65
11,65
8,65
3,65
16,65
12,65
15,65
2,65
10,65
6,65
15,65
2,65
11,65
7,65
4,65
14,65
3,65
3,65
5,65
4,65
11,65
14,66
7,66
9,66
13,66
1,66
7,66
13,66
2,66
16,66
14,66
15,66
9,66
3,66
16,66
3,66
3,66
15,66
1,66
7,66
4,66
9,66
1,66
8,66
5,66
11,66
1,66
3,66
4,66
9,66
6,66
3,66
11,67
16,67
1,67
13,67
5,67
12,67
15,67
10,67
12,67
16,67
4,67
6,67
16,67
4,67
9,67
4,67
7,67
10,67
11,67
1,67
6,67
14,67
16,67
11,68
13,68
12,68
12,68
1,68
8,68
10,68
12,68
14,68
8,68
2,68
10,68
16,68
4,68
12,68
9,68
16,68
7,68
9,68
6,68
9,68
10,68
11,68
15,68
7,68
10,68
6,68
14,68
10,68
9,68
9,69
16,69
1,69
5,69
10,69
1,69
2,69
10,69
14,69
7,69
9,69
6,69
5,69
15,69
13,69
11,69
3,69
6,69
3,69
12,69
16,69
8,70
8,70
11,70
5,70
10,70
4,70
9,70
3,70
3,70
9,70
15,70
6,70
7,70
9,70
15,70
10,70
4,70
1,70
6,70
11,70
1,70
2,70
1,70
14,71
9,71
16,71
5,71
8,71
10,71
5,71
9,71
3,71
15,71
10,71
1,71
5,71
15,71
3,71
4,71
3,71
10,71
11,72
13,72
15,72
4,72
16,72
14,72
2,72
10,72
16,72
3,72
8,72
16,72
9,72
12,72
9,72
11,72
12,72
2,72
6,72
15,72
11,72
2,72
5,72
10,72
1,72
7,72
2,73
13,73
12,73
13,73
9,73
2,73
11,73
15,73
14,73
7,73
9,73
4,73
13,73
12,73
9,73
6,73
7,73
15,73
1,73
1,73
7,73
1,73
12,73
8,73
4,73
11,73
5,74
14,74
10,74
9,74
9,74
14,74
15,74
13,74
11,74
4,74
15,74
4,74
16,74
8,74
3,74
14,74
4,74
5,74
13,74
10,74
8,74
11,74
6,74
15,74
16,74
16,74
15,74
10,74
12,75
11,75
7,75
9,75
11,75
11,75
16,75
15,75
13,75
4,75
15,75
13,75
8,75
10,75
2,75
3,75
1,75
16,75
15,75
4,75
15,75
8,75
11,75
13,75
4,76
3,76
3,76
13,76
11,76
15,76
2,76
14,76
13,76
8,76
5,76
2,76
15,76
8,76
5,76
5,76
15,76
16,76
16,76
6,76
7,76
13,76
5,76
10,76
1,76
4,76
8,76
11,76
14,76
13,76
7,76
11,77
13,77
6,77
14,77
2,77
14,77
16,77
14,77
2,77
6,77
3,77
8,77
8,77
13,77
9,77
15,77
13,77
4,77
11,77
5,77
6,77
2,77
7,77
3,77
12,78
2,78
15,78
6,78
5,78
11,78
10,78
6,78
8,78
6,78
3,78
14,78
1,78
1,78
6,78
15,78
6,78
9,78
9,78
10,78
12,78
16,78
3,78
2,78
2,78
1,78
13,79
7,79
6,79
10,79
1,79
7,79
5,79
8,79
13,79
8,79
16,79
14,79
8,79
2,79
7,79
9,79
15,79
8,79
10,79
8,79
13,79
8,79
9,79
6,79
6,79
10,79
3,79
2,79
14,80
2,80
3,80
8,80
9,80
1,80
15,80
8,80
3,80
4,80
16,80
3,80
10,80
13,80
11,80
3,80
15,80
6,80
5,80
6,80
3,80
7,80
6,80
10,80
5,80
6,80
10,80
7,80
11,81
9,81
3,81
2,81
5,81
7,81
1,81
10,81
6,81
10,81
15,81
13,81
2,81
3,81
5,81
15,81
12,81
15,81
8,81
13,81
3,81
10,81
11,81
9,81
2,81
4,81
1,81
5,81
15,81
7,81
2,81
8,81
15,81
3,81
7,81
7,81
12,82
7,82
9,82
7,82
5,82
5,82
5,82
9,82
10,82
10,82
3,82
15,82
3,82
4,82
6,82
15,82
11,82
13,82
13,82
13,82
16,82
1,82
1,82
14,82
11,82
12,82
14,82
1,82
13,82
5,82
14,82
14,83
9,83
6,83
3,83
15,83
2,83
15,83
14,83
10,83
5,83
4,83
15,83
2,83
15,83
10,83
16,83
13,83
14,83
6,83
15,83
5,83
2,83
15,83
14,83
5,83
13,83
15,83
15,83
15,83
16,83
3,83
3,83
5,83
1,84
14,84
10,84
8,84
3,84
10,84
9,84
14,84
5,84
5,84
9,84
9,84
8,84
3,84
5,84
12,84
9,84
1,84
6,84
6,84
10,84
2,84
15,84
15,84
15,84
15,84
11,84
4,84
2,84
8,84
6,84
11,85
4,85
6,85
6,85
11,85
9,85
13,85
9,85
14,85
4,85
9,85
15,85
9,85
15,85
2,85
11,85
5,85
5,85
16,85
13,85
10,85
7,85
15,85
14,85
3,85
6,85
1,85
15,85
4,85
9,85
6,85
14,86
13,86
4,86
13,86
4,86
1,86
10,86
13,86
8,86
4,86
4,86
9,86
15,86
14,86
4,86
9,86
15,86
12,86
12,86
13,86
4,86
5,86
16,86
14,86
5,86
7,86
9,86
3,87
3,87
12,87
6,87
9,87
1,87
1,87
14,87
9,87
15,87
15,87
15,87
10,87
8,87
7,87
12,87
12,87
11,87
11,87
6,87
9,87
11,88
12,88
16,88
9,88
9,88
2,88
14,88
3,88
14,88
14,88
15,88
1,88
16,88
12,88
14,88
11,88
9,88
9,88
15,88
1,88
9,89
16,89
10,89
1,89
5,89
15,89
1,89
15,89
4,89
10,89
16,89
10,89
5,89
15,89
7,89
15,89
5,89
1,89
2,89
1,89
3,89
3,89
4,89
10,89
11,90
9,90
9,90
15,90
1,90
8,90
1,90
2,90
12,90
14,90
12,90
5,90
8,90
10,90
2,90
8,90
16,90
14,90
5,90
1,90
1,90
4,90
4,90
15,90
7,90
14,90
1,90
6,90
5,90
16,90
2,90
2,90
6,90
11,91
13,91
3,91
15,91
16,91
4,91
5,91
9,91
10,91
4,91
9,91
3,91
1,91
3,91
10,91
8,91
2,91
2,91
10,91
1,91
13,92
8,92
16,92
9,92
16,92
14,92
9,92
1,92
14,92
10,92
13,92
5,92
15,92
2,92
3,92
4,92
16,92
9,92
3,92
3,92
2,92
5,92
7,92
7,92
13,92
10,92
6,92
7,92
1,92
1,92
1,92
3,92
9,92
1,92
8,93
15,93
3,93
3,93
2,93
16,93
6,93
4,93
15,93
7,93
3,93
8,93
2,93
15,93
5,93
10,93
4,93
3,93
15,93
10,93
11,93
4,93
11,93
2,93
1,93
11,94
4,94
12,94
11,94
14,94
2,94
6,94
4,94
13,94
11,94
13,94
15,94
9,94
3,94
2,94
8,94
6,94
7,94
11,94
4,94
15,94
7,94
9,94
12,94
4,94
13,94
6,94
6,94
8,94
7,94
6,94
4,94
16,94
13,95
11,95
9,95
9,95
11,95
12,95
1,95
9,95
2,95
16,95
11,95
14,95
1,95
9,95
1,95
15,95
3,95
9,95
8,95
5,95
10,95
13,95
15,95
6,95
2,95
1,95
15,95
4,95
6,95
16,95
7,95
11,96
2,96
6,96
12,96
6,96
3,96
2,96
7,96
12,96
13,96
2,96
9,96
9,96
14,96
13,96
9,96
8,96
8,96
13,96
4,96
6,96
1,96
12,96
7,97
14,97
5,97
15,97
15,97
14,97
16,97
8,97
4,97
3,97
8,97
15,97
6,97
16,97
3,97
13,97
9,97
16,97
7,97
3,97
6,97
16,97
4,97
14,97
13,97
9,97
4,97
3,98
6,98
14,98
16,98
7,98
15,98
8,98
1,98
1,98
4,98
9,98
8,98
13,98
9,98
8,98
12,98
4,98
6,98
9,98
5,98
15,98
8,98
8,98
14,98
3,98
14,98
11,98
5,99
15,99
16,99
1,99
15,99
2,99
10,99
9,99
11,99
13,99
4,99
12,99
14,99
11,99
7,99
14,99
6,99
12,99
5,99
9,99
12,99
15,99
10,99
14,99
5,99
1,99
12,100
2,100
1,100
12,100
9,100
16,100
10,100
16,100
14,100
12,100
13,100
15,100
4,100
13,100
1,100
16,100
12,100
11,100
10,100
7,100
14,100
7,100
1,100
6,100
4,101
3,101
6,101
7,101
10,101
1,101
12,101
15,101
11,101
13,101
3,101
11,101
1,101
5,101
3,101
8,101
14,101
7,101
8,101
11,101
7,101
5,101
16,101
4,101
15,101
3,101
5,101
12,101
10,101
5,101
12,101
9,101
16,101
12,102
11,102
8,102
16,102
3,102
1,102
10,102
1,102
2,102
2,102
1,102
11,102
11,102
7,102
9,102
15,102
3,102
10,102
15,102
7,102
16,102
5,102
6,102
11,102
9,102
15,102
10,102
15,102
6,102
7,102
4,102
15,102
1,102
8,102
4,102
5,102
9,102
3,102
7,102
7,102
12,102
8,103
2,103
1,103
15,103
6,103
6,103
10,103
6,103
1,103
14,103
8,103
1,103
12,103
16,103
3,103
1,103
12,103
8,103
7,103
16,103
8,103
7,103
2,103
3,103
8,103
4,103
16,103
14,103
7,103
10,103
1,104
14,104
6,104
3,104
2,104
13,104
6,104
4,104
9,104
16,104
2,104
1,104
8,104
11,104
14,104
7,104
15,104
11,104
12,104
2,104
11,104
9,104
5,104
13,104
7,104
2,104
11,104
6,104
6,104
9,104
3,104
12,105
9,105
1,105
1,105
15,105
4,105
12,105
2,105
3,105
13,105
8,105
12,105
15,105
8,105
1,105
13,105
13,105
15,105
2,105
13,105
13,105
8,105
14,105
10,105
5,105
3,105
14,105
5,105
7,105
1,105
13,105
11,105
3,105
13,105
14,106
8,106
13,106
1,106
13,106
4,106
10,106
1,106
7,106
1,106
2,106
8,106
5,106
9,106
7,106
6,106
4,106
9,106
3,106
14,106
9,106
7,106
8,106
10,106
1,106
13,106
6,106
12,106
15,106
8,106
5,106
8,106
11,106
16,106
10,106
6,107
9,107
12,107
13,107
14,107
1,107
14,107
7,107
7,107
12,107
2,107
11,107
1,107
14,107
8,107
14,107
5,107
3,107
3,107
2,107
4,107
12,107
8,107
9,107
14,107
8,107
4,107
6,107
1,107
8,107
15,107
14,107
5,107
10,107
15,107
14,107
2,107
2,107
12,107
5,107
6,107
16,107
6,108
9,108
11,108
14,108
2,108
6,108
5,108
12,108
10,108
14,108
12,108
7,108
11,108
10,108
15,108
13,108
9,108
16,108
4,108
14,108
12,108
2,108
2,108
11,108
12,108
15,108
12,108
4,108
2,108
2,108
16,108
13,108
7,108
6,108
12,109
3,109
13,109
3,109
12,109
4,109
2,109
10,109
6,109
15,109
6,109
5,109
4,109
8,109
1,109
8,109
16,109
3,109
14,109
11,109
3,109
14,109
11,110
15,110
6,110
15,110
1,110
6,110
1,110
3,110
1,110
14,110
9,110
16,110
4,110
7,110
9,110
14,110
6,110
3,110
14,110
9,110
12,110
7,111
2,111
7,111
1,111
7,111
1,111
2,111
8,111
10,111
7,111
6,111
9,111
15,111
2,111
10,111
5,111
8,111
3,111
7,111
9,111
8,111
5,111
10,111
4,111
1,111
11,111
4,111
15,111
13,111
16,111
10,111
4,111
6,111
11,112
4,112
14,112
7,112
5,112
8,112
14,112
15,112
5,112
3,112
9,112
8,112
15,112
10,112
7,112
8,112
7,112
7,112
15,112
14,112
8,112
11,112
2,112
1,112
16,112
11,113
16,113
4,113
16,113
7,113
4,113
11,113
1,113
15,113
9,113
7,113
4,113
16,113
16,113
9,113
5,113
8,113
15,113
14,113
9,113
1,113
1,113
1,113
15,113
12,113
7,113
16,113
11,114
3,114
13,114
1,114
5,114
1,114
1,114
15,114
15,114
13,114
16,114
15,114
4,114
9,114
13,114
15,114
6,114
10,114
7,114
15,114
10,114
8,114
13,114
9,114
3,114
14,115
9,115
2,115
9,115
11,115
10,115
7,115
15,115
8,115
8,115
11,115
9,115
9,115
2,115
9,115
15,115
13,115
2,115
14,115
11,115
5,115
13,115
2,115
6,115
3,115
6,115
14,115
13,115
2,116
3,116
16,116
13,116
1,116
9,116
6,116
14,116
12,116
6,116
15,116
16,116
13,116
13,116
9,116
15,116
6,116
12,116
11,116
10,116
16,116
15,116
5,116
10,116
15,117
9,117
15,117
16,117
5,117
4,117
15,117
16,117
9,117
8,117
14,117
10,117
9,117
1,117
3,117
4,117
9,117
3,117
8,117
4,117
1,117
8,117
9,117
7,117
8,117
16,117
16,117
12,117
6,117
14,117
3,117
2,117
6,117
11,118
14,118
16,118
14,118
14,118
13,118
10,118
14,118
9,118
12,118
9,118
8,118
15,118
3,118
13,118
14,118
9,118
16,118
8,118
3,118
6,118
3,118
5,118
9,118
7,118
1,119
14,119
7,119
16,119
7,119
11,119
7,119
7,119
10,119
14,119
6,119
7,119
12,119
3,119
7,119
9,119
15,119
12,119
10,119
12,119
2,119
2,119
9,119
13,119
15,119
3,119
6,119
1,119
5,119
16,119
9,119
5,119
16,120
8,120
13,120
3,120
2,120
8,120
3,120
12,120
9,120
3,120
2,120
16,120
13,120
9,120
16,120
1,120
8,120
15,120
8,120
1,120
11,120
10,120
11,120
16,120
15,120
1,120
13,120
10,121
2,121
12,121
9,121
7,121
9,121
12,121
11,121
12,121
4,121
14,121
9,121
14,121
8,121
15,121
4,121
10,121
11,121
7,121
7,121
8,121
13,121
12,121
11,121
6,121
13,122
1,122
12,122
8,122
3,122
12,122
4,122
10,122
3,122
2,122
16,122
12,122
2,122
2,122
3,122
1,122
14,122
2,122
10,122
12,122
12,122
8,122
9,122
9,122
11,122
6,123
8,123
1,123
1,123
9,123
14,123
9,123
2,123
14,123
2,123
9,123
4,123
16,123
15,123
8,123
15,123
8,123
4,123
11,123
15,123
1,123
6,123
15,123
6,123
11,123
4,123
13,123
3,123
14,123
2,123
6,123
16,123
13,124
7,124
10,124
15,124
4,124
9,124
15,124
15,124
13,124
10,124
14,124
15,124
3,124
14,124
3,124
7,124
16,124
9,124
10,124
7,124
16,124
5,124
5,124
7,124
12,124
12,124
6,125
7,125
9,125
14,125
8,125
5,125
7,125
3,125
1,125
5,125
14,125
15,125
14,125
1,125
9,125
8,125
15,125
3,125
6,125
8,125
5,125
9,125
14,125
9,125
1,125
7,125
8,125
12,125
9,125
10,125
11,125
1,126
11,126
8,126
6,126
6,126
13,126
2,126
1,126
6,126
15,126
15,126
16,126
5,126
16,126
14,126
3,126
8,126
3,126
4,126
9,126
13,126
15,126
14,126
2,127
9,127
3,127
7,127
5,127
10,127
3,127
5,127
16,127
12,127
3,127
7,127
10,127
5,127
12,127
9,127
3,127
3,127
5,127
8,127
9,127
8,127
8,127
11,127
15,127
7,127
6,127
12,127
14,127
13,127
1,127
2,127
4,127
14,128
8,128
5,128
3,128
1,128
3,128
16,128
14,128
2,128
6,128
8,128
6,128
12,128
3,128
12,128
2,128
10,128
6,128
11,128
15,128
2,128
2,128
13,128
5,128
5,128
4,128
14,128
7,128
10,128
11,128
1,129
2,129
6,129
4,129
5,129
7,129
5,129
4,129
8,129
14,129
8,129
7,129
9,129
9,129
4,129
14,129
10,129
14,129
9,129
9,129
10,129
9,129
2,129
16,129
6,129
5,129
7,129
13,129
5,129
4,129
11,130
14,130
4,130
8,130
14,130
16,130
7,130
9,130
2,130
2,130
1,130
9,130
9,130
9,130
15,130
5,130
10,130
4,130
1,130
12,130
11,130
4,130
15,130
15,130
1,130
14,130
16,130
3,131
3,131
8,131
15,131
8,131
6,131
13,131
15,131
4,131
13,131
3,131
8,131
11,131
3,131
7,131
13,131
12,131
2,131
6,131
9,131
14,131
15,131
15,131
11,131
12,131
14,132
8,132
12,132
6,132
1,132
9,132
8,132
8,132
5,132
13,132
12,132
1,132
3,132
14,132
6,132
5,132
13,132
7,132
4,132
11,132
14,132
12,132
5,133
12,133
12,133
7,133
1,133
13,133
3,133
16,133
14,133
16,133
11,133
7,133
5,133
14,133
14,133
5,133
9,133
15,133
7,133
3,133
1,133
13,133
4,133
8,133
13,133
16,133
7,133
16,133
13,133
6,133
14,134
8,134
12,134
6,134
2,134
1,134
12,134
4,134
16,134
5,134
13,134
3,134
10,134
14,134
7,134
2,134
10,134
3,134
7,134
1,134
1,134
12,134
11,135
16,135
11,135
16,135
9,135
8,135
13,135
9,135
4,135
13,135
9,135
8,135
4,135
2,135
3,135
6,135
15,135
15,135
5,135
5,135
12,136
13,136
7,136
1,136
7,136
2,136
3,136
1,136
2,136
15,136
8,136
1,136
16,136
2,136
13,136
7,136
9,136
15,136
15,136
3,136
1,136
6,136
14,136
2,136
13,136
10,136
13,136
4,136
7,136
10,136
13,136
3,136
9,137
4,137
1,137
13,137
2,137
16,137
4,137
15,137
15,137
2,137
3,137
14,137
5,137
2,137
15,137
2,137
1,137
2,137
8,137
8,137
3,137
2,137
15,137
7,137
8,137
15,137
15,137
11,138
9,138
7,138
16,138
3,138
3,138
11,138
9,138
7,138
15,138
15,138
10,138
3,138
13,138
2,138
6,138
8,138
8,138
10,138
12,138
11,138
7,138
4,138
16,138
12,139
11,139
16,139
12,139
13,139
7,139
13,139
9,139
16,139
10,139
1,139
16,139
6,139
8,139
4,139
7,139
12,139
3,139
10,139
2,139
5,139
12,139
15,139
14,139
9,139
12,139
15,139
7,139
15,139
4,139
10,139
4,139
2,139
15,140
13,140
9,140
15,140
9,140
11,140
3,140
3,140
8,140
3,140
6,140
6,140
15,140
3,140
12,140
11,140
6,140
2,140
11,140
15,140
13,140
4,140
8,140
10,140
8,140
2,140
11,140
10,140
5,140
7,140
10,140
3,140
8,141
1,141
5,141
3,141
9,141
2,141
4,141
4,141
9,141
1,141
9,141
3,141
6,141
9,141
12,141
11,141
12,141
3,141
7,141
16,141
9,141
8,141
10,141
2,141
4,141
14,141
11,141
6,141
15,142
2,142
7,142
8,142
7,142
6,142
6,142
3,142
14,142
1,142
2,142
13,142
11,142
1,142
7,142
12,142
4,142
6,142
3,142
8,142
6,142
3,142
13,142
1,142
10,142
2,142
14,142
15,142
5,142
16,142
3,142
9,143
7,143
10,143
8,143
10,143
2,143
10,143
16,143
15,143
16,143
5,143
6,143
3,143
6,143
10,143
6,143
8,143
5,143
1,143
5,143
5,143
6,143
2,143
7,143
9,143
9,143
11,143
16,143
16,143
5,143
7,143
2,144
1,144
7,144
13,144
5,144
1,144
16,144
16,144
5,144
1,144
15,144
6,144
4,144
13,144
4,144
15,144
7,144
15,144
15,144
14,144
6,144
7,144
7,144
7,144
12,144
15,144
15,144
11,144
8,144
10,144
6,144
16,144
9,144
16,144
2,144
14,145
13,145
15,145
2,145
13,145
2,145
15,145
2,145
3,145
6,145
11,145
4,145
11,145
11,145
12,145
14,145
6,145
9,145
9,145
1,145
2,145
6,145
9,145
1,145
8,145
14,145
7,145
2,145
12,146
9,146
7,146
10,146
14,146
3,146
15,146
9,146
7,146
12,146
14,146
2,146
13,146
15,146
12,146
2,146
5,146
6,146
15,146
4,146
7,146
6,146
10,146
13,146
4,146
6,146
5,146
11,146
11,146
6,146
3,146
6,146
7,146
11,147
6,147
4,147
8,147
8,147
5,147
13,147
15,147
6,147
14,147
13,147
10,147
1,147
12,147
4,147
11,147
14,147
2,147
16,147
5,147
9,147
5,147
10,147
4,147
10,147
2,147
3,147
6,147
3,147
9,147
12,147
15,148
16,148
12,148
3,148
13,148
16,148
7,148
14,148
3,148
4,148
12,148
3,148
7,148
9,148
8,149
6,149
13,149
2,149
8,149
7,149
14,149
5,149
16,149
5,149
5,149
2,149
16,149
3,149
10,149
5,149
8,149
15,149
6,149
13,149
3,149
15,149
8,149
16,149
4,149
5,149
13,149
12,149
9,149
10,149
6,149
2,150
8,150
16,150
8,150
1,150
3,150
4,150
6,150
16,150
13,150
14,150
10,150
16,150
2,150
15,150
10,150
3,150
10,150
1,150
13,150
6,150
12,150
5,150
1,150
7,150
15,150
11,150
3,150
2,150
2,150
3,150
2,150
2,150
4,150
4,151
13,151
16,151
9,151
10,151
10,151
16,151
14,151
3,151
10,151
16,151
15,151
4,151
1,151
11,151
7,151
15,151
1,151
8,151
11,151
11,151
2,151
2,151
2,151
4,151
16,151
3,152
14,152
10,152
6,152
1,152
5,152
11,152
8,152
4,152
9,152
4,152
2,152
9,152
5,152
15,152
3,152
9,152
13,152
4,152
15,152
1,152
1,152
1,152
9,153
7,153
13,153
4,153
14,153
8,153
5,153
8,153
4,153
9,153
4,153
6,153
1,153
5,153
7,153
14,153
13,153
10,153
5,153
16,153
15,154
1,154
10,154
12,154
16,154
9,154
2,154
2,154
6,154
5,154
7,154
16,154
2,154
7,154
9,154
9,154
9,154
9,154
15,154
2,154
3,154
14,154
5,154
6,154
1,154
10,154
13,154
16,154
12,155
1,155
9,155
14,155
12,155
4,155
1,155
14,155
8,155
15,155
15,155
10,155
6,155
6,155
9,155
16,155
9,155
13,155
7,155
3,155
6,155
3,155
16,155
2,155
11,155
15,155
10,155
6,155
12,155
12,155
5,155
8,156
13,156
9,156
12,156
8,156
15,156
14,156
4,156
11,156
2,156
7,156
13,156
12,156
9,156
7,156
16,156
11,156
10,156
9,156
5,156
7,156
15,156
15,157
11,157
11,157
11,157
5,157
8,157
1,157
10,157
15,157
1,157
13,157
2,157
9,157
6,157
10,157
9,157
16,157
11,157
3,157
1,157
5,157
6,157
16,157
9,157
2,157
6,157
1,157
10,157
4,157
13,157
14,157
6,157
13,158
9,158
7,158
3,158
15,158
2,158
14,158
5,158
5,158
10,158
2,158
15,158
8,158
7,158
10,158
15,158
5,158
12,158
16,158
6,158
3,158
14,158
11,158
6,158
8,158
11,158
10,158
1,158
12,158
2,158
16,158
3,158
14,158
1,158
11,158
12,159
8,159
5,159
15,159
6,159
2,159
2,159
6,159
16,159
3,159
3,159
13,159
7,159
1,159
13,159
11,159
9,159
5,159
16,159
9,159
11,159
1,159
7,159
11,159
7,159
5,159
11,160
12,160
8,160
5,160
13,160
11,160
7,160
9,160
4,160
4,160
1,160
5,160
3,160
12,160
9,160
1,160
16,160
3,160
4,160
13,160
8,161
6,161
2,161
13,161
15,161
5,161
5,161
8,161
10,161
13,161
9,161
7,161
9,161
4,161
4,161
16,161
3,161
2,161
11,161
14,161
9,161
10,161
14,161
11,161
10,161
1,161
1,161
2,161
13,161
12,161
14,161
1,161
6,162
11,162
5,162
2,162
5,162
13,162
7,162
16,162
6,162
2,162
6,162
6,162
15,162
3,162
5,162
11,162
9,162
1,162
15,162
12,162
1,162
3,162
15,162
11,162
1,162
11,163
13,163
4,163
4,163
2,163
13,163
1,163
3,163
16,163
14,163
3,163
16,163
5,163
5,163
15,163
16,163
3,163
11,163
4,163
9,163
6,163
9,164
2,164
9,164
16,164
1,164
5,164
16,164
14,164
9,164
13,164
4,164
9,164
8,164
5,164
12,164
15,164
6,164
3,164
2,164
8,164
6,164
15,164
12,164
9,164
9,164
9,164
6,165
13,165
7,165
7,165
1,165
16,165
1,165
1,165
1,165
9,165
8,165
7,165
9,165
2,165
1,165
2,165
11,165
15,165
14,165
10,165
15,165
8,165
3,165
9,165
13,165
4,165
13,166
1,166
14,166
7,166
3,166
12,166
7,166
12,166
4,166
10,166
2,166
15,166
7,166
12,166
13,166
6,166
9,166
14,166
6,166
8,166
7,166
5,166
12,167
13,167
8,167
6,167
7,167
15,167
3,167
16,167
14,167
16,167
4,167
16,167
4,167
3,167
15,167
5,167
2,167
1,167
6,167
1,167
11,167
1,167
11,167
3,167
7,167
7,167
13,168
1,168
11,168
1,168
5,168
4,168
2,168
15,168
2,168
12,168
13,168
6,168
10,168
2,168
10,168
15,168
14,168
15,168
3,168
4,168
15,168
13,168
11,168
10,168
16,168
15,168
2,168
3,168
2,168
1,168
3,168
9,169
2,169
13,169
9,169
6,169
13,169
11,169
2,169
2,169
15,169
12,169
16,169
3,169
2,169
6,169
8,169
16,169
12,169
4,169
8,169
8,169
4,169
13,169
2,169
16,169
7,169
13,169
6,169
11,169
5,170
9,170
15,170
7,170
15,170
8,170
4,170
4,170
1,170
16,170
15,170
4,170
9,170
10,170
4,170
9,170
7,170
15,170
16,170
12,170
2,170
6,170
3,170
6,170
14,171
7,171
4,171
16,171
6,171
8,171
14,171
1,171
16,171
14,171
10,171
3,171
6,171
1,171
10,171
9,171
3,171
14,171
16,171
10,171
3,171
15,171
2,171
16,171
2,171
15,171
16,171
2,171
16,172
9,172
9,172
10,172
10,172
8,172
7,172
5,172
3,172
4,172
9,172
5,172
13,172
9,172
16,172
8,172
2,172
9,172
15,172
8,172
4,172
7,172
7,172
3,172
3,172
14,173
14,173
12,173
8,173
10,173
2,173
1,173
5,173
14,173
11,173
7,173
16,173
3,173
16,173
5,173
8,173
2,173
6,173
12,173
3,173
8,173
6,173
3,173
5,173
12,173
3,173
13,173
9,174
7,174
3,174
14,174
10,174
8,174
16,174
16,174
8,174
7,174
6,174
1,174
13,174
9,174
11,174
8,174
12,174
15,174
7,174
11,174
3,174
3,174
12,174
1,174
11,175
1,175
1,175
6,175
13,175
4,175
3,175
10,175
16,175
3,175
7,175
8,175
10,175
10,175
10,175
6,175
15,175
15,175
7,175
8,175
4,175
10,175
15,175
9,175
16,175
5,175
11,175
11,176
14,176
2,176
6,176
1,176
3,176
1,176
1,176
13,176
7,176
1,176
6,176
8,176
2,176
15,176
7,176
16,176
3,176
10,176
9,176
11,176
10,176
7,176
1,176
7,176
14,176
2,176
16,176
8,176
12,177
14,177
9,177
14,177
12,177
8,177
5,177
14,177
15,177
13,177
12,177
7,177
2,177
8,177
5,177
16,177
10,177
2,177
7,177
10,177
9,177
13,177
15,177
15,177
7,177
7,177
10,177
11,178
11,178
13,178
7,178
2,178
6,178
1,178
15,178
8,178
9,178
14,178
10,178
15,178
4,178
6,178
6,178
15,178
4,178
10,178
14,178
13,178
12,178
5,178
11,179
15,179
11,179
6,179
13,179
4,179
5,179
2,179
1,179
15,179
9,179
11,179
15,179
3,179
2,179
9,179
3,179
6,179
6,179
1,179
11,179
9,179
16,179
14,179
3,179
14,179
16,179
6,179
10,179
12,180
7,180
13,180
14,180
11,180
6,180
11,180
13,180
16,180
6,180
15,180
5,180
8,180
15,180
1,180
15,180
15,180
16,180
2,180
8,180
13,180
1,180
4,180
3,180
2,180
8,181
6,181
12,181
2,181
8,181
3,181
14,181
16,181
16,181
11,181
9,181
10,181
10,181
7,181
3,181
15,181
8,181
2,181
10,181
5,181
7,181
1,181
10,181
1,181
10,181
5,181
16,181
14,181
4,181
2,181
15,181
16,181
11,181
4,181
2,181
7,181
1,181
12,181
1,181
7,182
2,182
11,182
5,182
4,182
10,182
8,182
5,182
9,182
8,182
13,182
8,182
15,182
13,182
8,182
8,182
14,182
13,182
12,182
4,182
9,182
3,182
15,182
11,182
13,183
6,183
8,183
15,183
11,183
5,183
15,183
14,183
11,183
14,183
6,183
12,183
8,183
1,183
4,183
16,183
10,183
10,183
12,183
11,184
16,184
7,184
16,184
6,184
6,184
1,184
9,184
9,184
13,184
9,184
1,184
13,184
10,184
2,184
9,184
16,184
6,184
9,184
10,184
15,184
7,184
16,184
8,184
3,184
6,184
14,184
7,184
14,184
5,185
13,185
14,185
5,185
16,185
1,185
12,185
6,185
8,185
13,185
11,185
2,185
16,185
4,185
10,185
6,185
9,185
15,185
11,185
4,185
13,185
3,185
7,185
9,185
2,185
7,185
10,185
13,185
11,185
6,185
13,186
15,186
2,186
4,186
15,186
14,186
4,186
10,186
6,186
1,186
14,186
16,186
10,186
15,186
12,186
13,186
12,187
13,187
1,187
12,187
14,187
12,187
7,187
3,187
5,187
3,187
11,187
16,187
4,187
3,187
7,187
1,187
9,187
6,187
15,187
8,187
13,187
4,187
13,187
8,187
14,187
1,187
15,187
3,187
15,187
5,187
16,187
7,187
10,187
6,188
15,188
4,188
12,188
15,188
1,188
7,188
6,188
2,188
13,188
9,188
15,188
14,188
7,188
6,188
11,188
15,188
5,188
9,188
11,188
15,188
7,188
9,188
15,188
5,188
4,188
2,188
6,188
16,188
16,188
8,189
8,189
11,189
4,189
7,189
8,189
12,189
13,189
3,189
4,189
15,189
9,189
4,189
10,189
15,189
6,189
1,189
6,189
2,189
3,189
7,189
3,189
4,189
15,189
1,190
12,190
6,190
16,190
7,190
14,190
1,190
12,190
10,190
14,190
12,190
12,190
16,190
1,190
12,190
15,190
9,190
8,190
8,190
2,190
8,190
9,190
6,190
1,190
13,190
4,190
3,190
9,191
14,191
16,191
9,191
6,191
15,191
14,191
12,191
5,191
15,191
2,191
6,191
13,191
10,191
5,191
15,191
2,191
7,191
3,191
12,191
7,191
11,191
6,191
2,191
5,191
16,191
7,191
7,191
9,191
3,191
9,192
14,192
10,192
13,192
4,192
7,192
3,192
15,192
14,192
12,192
13,192
2,192
11,192
3,192
2,192
4,192
12,192
10,192
7,192
6,192
9,192
13,192
5,192
8,192
6,192
14,192
10,192
15,192
12,192
14,193
8,193
16,193
13,193
5,193
10,193
6,193
15,193
10,193
4,193
9,193
6,193
12,193
9,193
7,193
15,193
10,193
4,193
6,193
15,193
13,193
2,193
6,193
11,194
15,194
1,194
12,194
16,194
7,194
15,194
12,194
13,194
10,194
10,194
10,194
11,194
9,194
8,194
9,194
15,194
9,194
3,194
16,194
5,194
15,194
6,195
1,195
10,195
13,195
14,195
8,195
15,195
3,195
7,195
11,195
14,195
8,195
10,195
12,195
2,195
11,195
12,195
13,195
7,195
9,195
9,195
10,195
1,195
15,195
1,195
11,195
4,195
7,196
11,196
6,196
16,196
5,196
12,196
1,196
5,196
3,196
7,196
4,196
3,196
5,196
2,196
10,196
6,196
6,196
6,196
2,196
13,196
10,196
8,196
4,196
3,196
5,196
5,196
9,196
10,196
5,196
14,196
9,197
1,197
8,197
16,197
6,197
8,197
6,197
10,197
2,197
4,197
11,197
13,197
14,197
3,197
7,197
5,197
9,197
4,197
15,197
15,197
15,197
8,197
10,197
12,197
7,197
9,197
4,197
2,197
4,197
14,197
13,197
7,197
11,197
6,198
13,198
16,198
7,198
8,198
10,198
1,198
8,198
9,198
1,198
16,198
7,198
1,198
10,198
3,198
2,198
4,198
8,198
4,198
2,198
9,198
5,198
5,198
15,198
3,198
10,198
15,198
15,198
7,198
15,198
13,198
14,198
4,198
5,198
5,198
2,198
2,198
14,198
6,198
12,198
1,199
16,199
8,199
5,199
13,199
4,199
2,199
5,199
9,199
9,199
13,199
16,199
16,199
2,199
2,199
8,200
14,200
8,200
4,200
2,200
3,200
4,200
8,200
12,200
13,200
15,200
4,200
13,200
6,200
14,200
12,200
14,200
6,200
7,200
3,200
